Name,SKU,Barcode,HSN,Unit,MRP,Price,Cost,GST
Good Row Jaggery 1kg,GUD1,8901000002013,1701,PCS,70,65,55,5
,NONAME,8901000002020,1905,PCS,12,10,8,18
Price Is Text,BADPRICE,8901000002037,1905,PCS,12,ten,8,18
Selling Above MRP,ABOVEMRP,8901000002044,1905,PCS,12,15,8,18
Bad HSN Code,BADHSN,8901000002051,19-05,PCS,12,10,8,18
Bad GST Rate,BADGST,8901000002068,1905,PCS,12,10,8,abc
Bad Unit Code,BADUNIT,8901000002075,1905,per piece,12,10,8,18
Repeated SKU First,DUPSKU,8901000002082,1905,PCS,12,10,8,18
Repeated SKU Second,DUPSKU,8901000002099,1905,PCS,12,10,8,18
Repeated Barcode,DUPBAR,8901000002082,1905,PCS,12,10,8,18
Negative Price,NEGPRICE,8901000002105,1905,PCS,12,-5,8,18
Good Row Peanuts 500g,PEANUT500,8901000002112,1202,PCS,95,90,78,5
