Item Code,Opening Stock,Cost Price
ATTA5,24,232
ATTA10,12,455
RICE1,30,138
SALT1,60,23.5
TOOR,45.5,138
MOONG,32.25,112
CHANA,40,80
SUGAR,120,41.5
POHA500,25,34
BESAN500,20,56
OILSF1,36,136
OILMU1,30,152
GHEE500,14,298
BUTTER100,24,53
MILK500,40,27
PANEER200,10,82
TEA250,22,134
CHAI500,16,250
COFFEE50,12,158
BRU100,10,205
FROOTI200,96,8.4
WATER1,120,14
PARLEG100,144,8.6
GOODDAY75,72,8.5
MARIE250,30,33
BHUJIA200,24,45
LAYS52,60,16.5
MAGGI70,120,12.6
KETCHUP500,15,104
MASALA100,20,76
HALDI200,18,64
MIRCH200,18,80
JEERA,6.75,365
SURF1,20,128
VIM300,48,24.5
HARPIC500,14,91
LIZOL500,12,99
GKREFILL,18,72
LIFEBUOY125,60,31
DOVE100,36,54
COLGATE200,24,104
CLINIC175,16,82
PARACHUTE200,20,92
DETTOL125,12,69
EGG30,8,186
